IM,MEAN,STD
0.0,0.0,0.0
4.83,3.2757e-41,3.2757e-41
9.66,1.2357e-27,1.2357e-27
14.49,5.2265e-21,5.2265e-21
19.32,6.8006e-17,6.8006e-17
24.15,4.8894e-14,5.8786e-15
28.98,6.412e-12,7.6417e-13
33.81,2.7937e-10,3.4925e-11
38.64,5.6807e-09,7.0781e-10
43.47,6.6458e-08,8.3447e-09
48.3,5.1304e-07,6.6757e-08
53.13,2.8713e-06,3.4332e-07
57.96,1.2458e-05,1.5259e-06
62.79,4.4017e-05,5.4932e-06
67.62,0.00013144,1.709e-05
72.45,0.00034135,3.9063e-05
77.28,0.0007883,9.7656e-05
82.11,0.0016481,0.00020508
86.94,0.0031643,0.00039063
91.77,0.0056455,0.00070313
96.6,0.0094508,0.0011328
101.43,0.014966,0.0017969
106.26,0.02257,0.0027344
111.09,0.032606,0.0039844
115.92,0.045346,0.0055469
120.75,0.060968,0.0074219
125.58,0.079543,0.0096875
130.41,0.10102,0.012266
135.24,0.12526,0.015234
140.07,0.152,0.018516
144.9,0.18091,0.022031
149.73,0.21162,0.025703
154.56,0.2437,0.029609
159.39,0.27675,0.033672
164.22,0.31035,0.037734
169.05,0.34412,0.041875
173.88,0.37773,0.045938
178.71,0.41089,0.049922
183.54,0.44336,0.053906
188.37,0.47495,0.057734
193.2,0.50552,0.061484
198.03,0.53497,0.065078
202.86,0.56323,0.068516
207.69,0.59027,0.071797
212.52,0.61607,0.074922
217.35,0.64062,0.077891
222.18,0.66394,0.080703
227.01,0.68605,0.083438
231.84,0.70696,0.086016
236.67,0.72671,0.088594
241.5,0.74533,0.091172
246.33,0.76286,0.093984
251.16,0.77933,0.096875
255.99,0.79479,0.099531
260.82,0.80927,0.10141
265.65,0.82282,0.10164
270.48,0.83549,0.098594
275.31,0.84731,0.091484
280.14,0.85832,0.084922
284.97,0.86858,0.07875
289.8,0.87813,0.073047
294.63,0.887,0.067734
299.46,0.89524,0.062813
304.29,0.90289,0.058203
309.12,0.90998,0.053984
313.95,0.91655,0.05
318.78,0.92264,0.046328
323.61,0.92828,0.042969
328.44,0.9335,0.039844
333.27,0.93833,0.036953
338.1,0.9428,0.034297
342.93,0.94693,0.031797
347.76,0.95075,0.029531
352.59,0.95428,0.027422
357.42,0.95754,0.025469
362.25,0.96056,0.023672
367.08,0.96334,0.021953
371.91,0.96592,0.020391
376.74,0.9683,0.018984
381.57,0.9705,0.017656
386.4,0.97253,0.016484
391.23,0.97441,0.015313
396.06,0.97615,0.014297
400.89,0.97776,0.013359
405.72,0.97925,0.012422
410.55,0.98063,0.011641
415.38,0.9819,0.010859
420.21,0.98308,0.010156
425.04,0.98418,0.0094531
429.87,0.98519,0.0089063
434.7,0.98613,0.0082813
439.53,0.987,0.0078125
444.36,0.98781,0.0073438
449.19,0.98856,0.006875
454.02,0.98926,0.0064063
458.85,0.98991,0.0060156
463.68,0.99051,0.0057031
468.51,0.99107,0.0053906
473.34,0.99159,0.0050781
478.17,0.99208,0.0047656
483.0,0.99253,0.0044531
