IM,MEAN,STD
0.0,0.0,0.0
4.83,9.1047e-41,9.1047e-41
9.66,7.5782e-28,7.5782e-28
14.49,1.7519e-21,1.7519e-21
19.32,1.6813e-17,1.6813e-17
24.15,1.0242e-14,1.2601e-15
28.98,1.2274e-12,1.4571e-13
33.81,5.1138e-11,6.112e-12
38.64,1.0237e-09,1.2107e-10
43.47,1.2022e-08,1.4901e-09
48.3,9.4429e-08,1.1325e-08
53.13,5.4284e-07,6.6757e-08
57.96,2.4358e-06,3.0518e-07
62.79,8.9448e-06,1.1063e-06
67.62,2.786e-05,3.3569e-06
72.45,7.5655e-05,9.7656e-06
77.28,0.00018303,2.1973e-05
82.11,0.00040136,4.8828e-05
86.94,0.00080893,9.7656e-05
91.77,0.0015157,0.00017578
96.6,0.0026652,0.00033203
101.43,0.0044329,0.00054688
106.26,0.0070205,0.00085938
111.09,0.010647,0.0013281
115.92,0.015535,0.001875
120.75,0.021903,0.0026563
125.58,0.029943,0.0036719
130.41,0.039818,0.0048438
135.24,0.051645,0.00625
140.07,0.065496,0.0079688
144.9,0.081385,0.0099219
149.73,0.099276,0.012109
154.56,0.11908,0.014453
159.39,0.14067,0.017109
164.22,0.16388,0.019922
169.05,0.1885,0.022891
173.88,0.21431,0.026094
178.71,0.24109,0.029297
183.54,0.26858,0.032656
188.37,0.29656,0.036094
193.2,0.32479,0.039453
198.03,0.35306,0.042891
202.86,0.38118,0.046328
207.69,0.40896,0.049688
212.52,0.43625,0.053047
217.35,0.46291,0.05625
222.18,0.48884,0.059453
227.01,0.51395,0.0625
231.84,0.53816,0.065469
236.67,0.56143,0.068281
241.5,0.58372,0.070938
246.33,0.60501,0.073594
251.16,0.6253,0.076016
255.99,0.64459,0.078359
260.82,0.6629,0.080625
265.65,0.68025,0.082734
270.48,0.69667,0.084766
275.31,0.71218,0.086719
280.14,0.72683,0.088594
284.97,0.74066,0.090547
289.8,0.7537,0.0925
294.63,0.76599,0.094531
299.46,0.77758,0.096562
304.29,0.78849,0.098516
309.12,0.79878,0.10016
313.95,0.80848,0.10133
318.78,0.81763,0.1018
323.61,0.82625,0.10133
328.44,0.83439,0.099297
333.27,0.84207,0.094688
338.1,0.84932,0.090313
342.93,0.85616,0.08625
347.76,0.86264,0.082344
352.59,0.86876,0.078672
357.42,0.87456,0.075156
362.25,0.88004,0.071875
367.08,0.88524,0.06875
371.91,0.89017,0.065859
376.74,0.89485,0.063047
381.57,0.89928,0.060391
386.4,0.9035,0.057813
391.23,0.9075,0.055469
396.06,0.91131,0.053125
400.89,0.91493,0.051016
405.72,0.91838,0.048906
410.55,0.92167,0.046953
415.38,0.9248,0.045078
420.21,0.92778,0.043281
425.04,0.93062,0.041563
429.87,0.93334,0.039922
434.7,0.93593,0.038438
439.53,0.9384,0.036953
444.36,0.94077,0.035469
449.19,0.94303,0.034141
454.02,0.94519,0.032891
458.85,0.94725,0.031641
463.68,0.94923,0.030469
468.51,0.95112,0.029297
473.34,0.95293,0.028203
478.17,0.95467,0.027188
483.0,0.95633,0.026172
