IM,MEAN,STD
0.0,0.0,0.0
4.83,6.466e-36,6.466e-36
9.66,4.1171e-24,4.1171e-24
14.49,2.3543e-18,2.3543e-18
19.32,8.8007e-15,1.0469e-15
24.15,2.6532e-12,3.2761e-13
28.98,1.8228e-10,2.3283e-11
33.81,4.8071e-09,5.9605e-10
38.64,6.5393e-08,8.0466e-09
43.47,5.5043e-07,6.6757e-08
48.3,3.2296e-06,4.0054e-07
53.13,1.4335e-05,1.6785e-06
57.96,5.102e-05,6.1035e-06
62.79,0.00015198,1.8311e-05
67.62,0.0003913,4.6387e-05
72.45,0.00089268,0.00010742
77.28,0.0018399,0.00021484
82.11,0.0034795,0.00042969
86.94,0.0061134,0.00078125
91.77,0.010082,0.00125
96.6,0.015738,0.001875
101.43,0.023418,0.0028125
106.26,0.033414,0.0040625
111.09,0.045947,0.005625
115.92,0.061151,0.0074219
120.75,0.079064,0.0096094
125.58,0.099625,0.012109
130.41,0.12268,0.014922
135.24,0.148,0.017969
140.07,0.17529,0.021328
144.9,0.20422,0.024844
149.73,0.23442,0.028516
154.56,0.26552,0.032266
159.39,0.29717,0.036172
164.22,0.32901,0.04
169.05,0.36074,0.043828
173.88,0.39207,0.047656
178.71,0.42277,0.051406
183.54,0.45265,0.055
188.37,0.48154,0.058516
193.2,0.50932,0.061953
198.03,0.53591,0.065156
202.86,0.56126,0.068281
207.69,0.58534,0.071172
212.52,0.60813,0.073906
217.35,0.62966,0.076563
222.18,0.64996,0.079063
227.01,0.66906,0.081328
231.84,0.68701,0.083516
236.67,0.70386,0.085625
241.5,0.71967,0.087656
246.33,0.7345,0.089688
251.16,0.7484,0.091641
255.99,0.76144,0.09375
260.82,0.77367,0.095859
265.65,0.78514,0.097891
270.48,0.79591,0.099688
275.31,0.80602,0.10109
280.14,0.81552,0.10172
284.97,0.82446,0.10148
289.8,0.83286,0.1
294.63,0.84078,0.095469
299.46,0.84824,0.090938
304.29,0.85527,0.086719
309.12,0.86191,0.082734
313.95,0.86817,0.078984
318.78,0.8741,0.075469
323.61,0.8797,0.072109
328.44,0.885,0.068906
333.27,0.89002,0.065938
338.1,0.89478,0.063047
342.93,0.89929,0.060391
347.76,0.90357,0.057813
352.59,0.90764,0.055391
357.42,0.9115,0.053047
362.25,0.91518,0.050859
367.08,0.91867,0.04875
371.91,0.92199,0.046719
376.74,0.92516,0.044844
381.57,0.92818,0.043047
386.4,0.93105,0.041328
391.23,0.9338,0.039688
396.06,0.93641,0.038125
400.89,0.93891,0.036641
405.72,0.9413,0.035156
410.55,0.94357,0.033828
415.38,0.94575,0.0325
420.21,0.94784,0.03125
425.04,0.94983,0.030078
429.87,0.95173,0.028906
434.7,0.95356,0.027813
439.53,0.95531,0.026797
444.36,0.95698,0.025781
449.19,0.95858,0.024844
454.02,0.96012,0.023906
458.85,0.9616,0.023047
463.68,0.96301,0.022188
468.51,0.96436,0.021328
473.34,0.96566,0.020547
478.17,0.96691,0.019844
483.0,0.96811,0.019141
