IM,MEAN,STD
0.0,0.0,0.0
4.83,4.4195e-41,4.4195e-41
9.66,3.7378e-28,3.7378e-28
14.49,8.9001e-22,8.9001e-22
19.32,8.8006e-18,8.8006e-18
24.15,5.5144e-15,6.5614e-16
28.98,6.7842e-13,9.1144e-14
33.81,2.8965e-11,3.4927e-12
38.64,5.9318e-10,6.9849e-11
43.47,7.1161e-09,8.9407e-10
48.3,5.7021e-08,6.8545e-09
53.13,3.3402e-07,4.2915e-08
57.96,1.5257e-06,1.812e-07
62.79,5.6977e-06,6.8665e-07
67.62,1.8033e-05,2.1362e-06
72.45,4.972e-05,6.1035e-06
77.28,0.00012205,1.4648e-05
82.11,0.00027137,3.418e-05
86.94,0.00055426,6.8359e-05
91.77,0.0010518,0.00013672
96.6,0.0018723,0.00022461
101.43,0.0031509,0.00039063
106.26,0.0050468,0.000625
111.09,0.0077372,0.0009375
115.92,0.011409,0.0014063
120.75,0.016248,0.0019531
125.58,0.02243,0.0027344
130.41,0.030108,0.0036719
135.24,0.039408,0.0047656
140.07,0.050417,0.0060938
144.9,0.063181,0.0076563
149.73,0.077703,0.0094531
154.56,0.093946,0.011406
159.39,0.11183,0.013594
164.22,0.13125,0.015938
169.05,0.15205,0.018516
173.88,0.17406,0.021172
178.71,0.19712,0.023984
183.54,0.22102,0.026875
188.37,0.24557,0.029844
193.2,0.27058,0.032891
198.03,0.29585,0.035938
202.86,0.3212,0.039063
207.69,0.34649,0.042109
212.52,0.37155,0.045156
217.35,0.39626,0.048203
222.18,0.4205,0.051094
227.01,0.44417,0.053984
231.84,0.4672,0.056797
236.67,0.48953,0.059531
241.5,0.5111,0.062109
246.33,0.53189,0.064688
251.16,0.55186,0.067109
255.99,0.57102,0.069453
260.82,0.58934,0.071641
265.65,0.60685,0.07375
270.48,0.62356,0.075781
275.31,0.63948,0.077734
280.14,0.65462,0.079609
284.97,0.66903,0.081328
289.8,0.68272,0.083047
294.63,0.69573,0.084609
299.46,0.70808,0.086172
304.29,0.71981,0.087656
309.12,0.73094,0.089141
313.95,0.7415,0.090625
318.78,0.75153,0.092109
323.61,0.76105,0.093672
328.44,0.77009,0.095234
333.27,0.77868,0.096719
338.1,0.78685,0.098203
342.93,0.79461,0.099531
347.76,0.80199,0.10063
352.59,0.80901,0.10141
357.42,0.8157,0.10172
362.25,0.82207,0.10164
367.08,0.82814,0.10102
371.91,0.83394,0.099531
376.74,0.83946,0.09625
381.57,0.84474,0.093047
386.4,0.84978,0.090078
391.23,0.85459,0.087188
396.06,0.8592,0.084375
400.89,0.86361,0.081719
405.72,0.86783,0.079219
410.55,0.87188,0.076797
415.38,0.87575,0.074453
420.21,0.87947,0.072266
425.04,0.88304,0.070078
429.87,0.88647,0.068047
434.7,0.88976,0.066094
439.53,0.89292,0.064219
444.36,0.89597,0.062344
449.19,0.89889,0.060625
454.02,0.90171,0.058906
458.85,0.90442,0.057266
463.68,0.90703,0.055703
468.51,0.90955,0.054219
473.34,0.91198,0.052734
478.17,0.91432,0.051328
483.0,0.91658,0.05
