IM,MEAN,STD
0.0,0.0,0.0
4.83,2.0643e-39,2.0643e-39
9.66,1.3664e-26,1.3664e-26
14.49,2.5591e-20,2.5591e-20
19.32,2.0447e-16,2.4425e-17
24.15,1.06e-13,1.27e-14
28.98,1.0999e-11,1.3099e-12
33.81,4.0231e-10,4.6566e-11
38.64,7.1506e-09,8.5682e-10
43.47,7.5265e-08,8.9407e-09
48.3,5.341e-07,6.6757e-08
53.13,2.7931e-06,3.4332e-07
57.96,1.147e-05,1.3733e-06
62.79,3.8751e-05,4.5776e-06
67.62,0.00011157,1.3428e-05
72.45,0.00028126,3.418e-05
77.28,0.00063412,7.8125e-05
82.11,0.0013004,0.00015625
86.94,0.0024592,0.00029297
91.77,0.0043362,0.00050781
96.6,0.0071955,0.00085938
101.43,0.011324,0.0014063
106.26,0.01701,0.0020313
111.09,0.024526,0.0029688
115.92,0.034099,0.0041406
120.75,0.045904,0.0055469
125.58,0.060043,0.0072656
130.41,0.076542,0.0092969
135.24,0.095351,0.011563
140.07,0.11635,0.014141
144.9,0.13935,0.016953
149.73,0.16412,0.019922
154.56,0.19039,0.023125
159.39,0.21787,0.026484
164.22,0.24624,0.029922
169.05,0.27521,0.033438
173.88,0.30448,0.037031
178.71,0.33379,0.040625
183.54,0.3629,0.044141
188.37,0.39157,0.047578
193.2,0.41964,0.051016
198.03,0.44693,0.054375
202.86,0.47334,0.057578
207.69,0.49876,0.060625
212.52,0.52313,0.063594
217.35,0.5464,0.066406
222.18,0.56854,0.069141
227.01,0.58954,0.071719
231.84,0.60942,0.074063
236.67,0.62819,0.076406
241.5,0.64589,0.078516
246.33,0.66255,0.080547
251.16,0.67821,0.0825
255.99,0.69292,0.084297
260.82,0.70673,0.086016
265.65,0.71969,0.087656
270.48,0.73185,0.089297
275.31,0.74327,0.090938
280.14,0.75398,0.0925
284.97,0.76404,0.094141
289.8,0.7735,0.095781
294.63,0.78239,0.097422
299.46,0.79077,0.098906
304.29,0.79865,0.10016
309.12,0.8061,0.10109
313.95,0.81312,0.10164
318.78,0.81977,0.10172
323.61,0.82606,0.10133
328.44,0.83202,0.10023
333.27,0.83767,0.097266
338.1,0.84305,0.094062
342.93,0.84816,0.091016
347.76,0.85303,0.088125
352.59,0.85767,0.085313
357.42,0.8621,0.082656
362.25,0.86634,0.080078
367.08,0.87039,0.077656
371.91,0.87427,0.075391
376.74,0.87799,0.073125
381.57,0.88156,0.071016
386.4,0.88499,0.068906
391.23,0.88828,0.066953
396.06,0.89145,0.065078
400.89,0.89451,0.063203
405.72,0.89745,0.061484
410.55,0.90028,0.059766
415.38,0.90301,0.058125
420.21,0.90565,0.056563
425.04,0.9082,0.055
429.87,0.91066,0.053516
434.7,0.91304,0.052109
439.53,0.91535,0.050703
444.36,0.91757,0.049375
449.19,0.91973,0.048125
454.02,0.92182,0.046875
458.85,0.92384,0.045625
463.68,0.9258,0.044453
468.51,0.9277,0.043359
473.34,0.92954,0.042266
478.17,0.93133,0.041172
483.0,0.93306,0.040156
