IM,MEAN,STD
0.0,0.0,0.0
4.83,3.073e-40,3.073e-40
9.66,8.1402e-28,8.1402e-28
14.49,1.1309e-21,1.1309e-21
19.32,8.2128e-18,8.2128e-18
24.15,4.2507e-15,5.4956e-16
28.98,4.6301e-13,5.7038e-14
33.81,1.8297e-11,2.2557e-12
38.64,3.5726e-10,4.4238e-11
43.47,4.1708e-09,5.2154e-10
48.3,3.2992e-08,3.8743e-09
53.13,1.9274e-07,2.3842e-08
57.96,8.8434e-07,1.0967e-07
62.79,3.335e-06,4.0054e-07
67.62,1.0698e-05,1.3733e-06
72.45,2.9976e-05,3.6621e-06
77.28,7.4914e-05,9.1553e-06
82.11,0.00016979,1.9531e-05
86.94,0.00035378,4.3945e-05
91.77,0.00068522,8.7891e-05
96.6,0.0012451,0.00014648
101.43,0.002139,0.00026367
106.26,0.0034968,0.00042969
111.09,0.0054703,0.00070313
115.92,0.0082277,0.0010156
120.75,0.011947,0.0014844
125.58,0.016809,0.0020313
130.41,0.022983,0.0028125
135.24,0.030627,0.00375
140.07,0.039869,0.0048438
144.9,0.05081,0.0061719
149.73,0.063512,0.0077344
154.56,0.078001,0.0094531
159.39,0.094262,0.011484
164.22,0.11224,0.013672
169.05,0.13186,0.016016
173.88,0.15298,0.018594
178.71,0.17548,0.021328
183.54,0.19918,0.024219
188.37,0.2239,0.027188
193.2,0.24946,0.030313
198.03,0.27568,0.033516
202.86,0.30235,0.036797
207.69,0.3293,0.040078
212.52,0.35636,0.043359
217.35,0.38336,0.046641
222.18,0.41017,0.049844
227.01,0.43664,0.053125
231.84,0.46268,0.05625
236.67,0.48816,0.059375
241.5,0.51303,0.062344
246.33,0.5372,0.065313
251.16,0.56063,0.068203
255.99,0.58327,0.070938
260.82,0.6051,0.073594
265.65,0.6261,0.076094
270.48,0.64625,0.078594
275.31,0.66556,0.080938
280.14,0.68402,0.083203
284.97,0.70166,0.085391
289.8,0.71847,0.0875
294.63,0.73449,0.089688
299.46,0.74972,0.091875
304.29,0.7642,0.094219
309.12,0.77794,0.096562
313.95,0.79097,0.098906
318.78,0.80332,0.10078
323.61,0.81501,0.10172
328.44,0.82607,0.10133
333.27,0.83653,0.097969
338.1,0.84641,0.092031
342.93,0.85574,0.086484
347.76,0.86454,0.081172
352.59,0.87284,0.07625
357.42,0.88067,0.071563
362.25,0.88804,0.067109
367.08,0.89498,0.062969
371.91,0.90151,0.059063
376.74,0.90766,0.055313
381.57,0.91343,0.051875
386.4,0.91887,0.048594
391.23,0.92397,0.045547
396.06,0.92876,0.042734
400.89,0.93327,0.04
405.72,0.93749,0.0375
410.55,0.94146,0.035078
415.38,0.94518,0.032891
420.21,0.94866,0.030781
425.04,0.95193,0.028828
429.87,0.955,0.026953
434.7,0.95787,0.025234
439.53,0.96057,0.023672
444.36,0.96309,0.022109
449.19,0.96545,0.020703
454.02,0.96766,0.019375
458.85,0.96973,0.018125
463.68,0.97167,0.016953
468.51,0.97349,0.015859
473.34,0.97518,0.014844
478.17,0.97677,0.013906
483.0,0.97826,0.013047
