IM,MEAN,STD
0.0,0.0,0.0
4.83,3.1065e-64,3.1065e-64
9.66,3.733e-42,3.733e-42
14.49,1.7331e-31,1.7331e-31
19.32,6.5146e-25,6.5146e-25
24.15,2.2802e-20,2.2802e-20
28.98,5.2114e-17,5.2114e-17
33.81,2.0462e-14,2.468e-15
38.64,2.3744e-12,2.9123e-13
43.47,1.1349e-10,1.397e-11
48.3,2.777e-09,3.7253e-10
53.13,4.0387e-08,4.7684e-09
57.96,3.8853e-07,4.7684e-08
62.79,2.6752e-06,3.4332e-07
67.62,1.3995e-05,1.6785e-06
72.45,5.826e-05,7.3242e-06
77.28,0.00020013,2.4414e-05
82.11,0.00058409,7.3242e-05
86.94,0.001483,0.00017578
91.77,0.0033402,0.00041016
96.6,0.0067826,0.00085938
101.43,0.012587,0.0015625
106.26,0.021597,0.0026563
111.09,0.034603,0.0042188
115.92,0.052212,0.0063281
120.75,0.074751,0.0090625
125.58,0.10221,0.012422
130.41,0.13424,0.016328
135.24,0.17023,0.020703
140.07,0.20937,0.025469
144.9,0.25076,0.030469
149.73,0.29349,0.035703
154.56,0.33672,0.040938
159.39,0.37973,0.046172
164.22,0.4219,0.051328
169.05,0.46275,0.05625
173.88,0.50191,0.061016
178.71,0.53912,0.065547
183.54,0.57421,0.069844
188.37,0.60711,0.073828
193.2,0.63777,0.077578
198.03,0.66621,0.081016
202.86,0.6925,0.084219
207.69,0.71672,0.087266
212.52,0.73895,0.090313
217.35,0.75932,0.093359
222.18,0.77793,0.096562
227.01,0.79491,0.099531
231.84,0.81038,0.10148
236.67,0.82445,0.10148
241.5,0.83724,0.097578
246.33,0.84886,0.090625
251.16,0.85941,0.084297
255.99,0.86899,0.078516
260.82,0.87769,0.073281
265.65,0.8856,0.068594
270.48,0.89279,0.064297
275.31,0.89933,0.060313
280.14,0.9053,0.056797
284.97,0.91075,0.053516
289.8,0.91574,0.050469
294.63,0.92031,0.047734
299.46,0.9245,0.045234
304.29,0.92836,0.042969
309.12,0.93193,0.040781
313.95,0.93522,0.038828
318.78,0.93827,0.037031
323.61,0.94111,0.035313
328.44,0.94375,0.03375
333.27,0.94622,0.032266
338.1,0.94852,0.030859
342.93,0.95069,0.029531
347.76,0.95272,0.028359
352.59,0.95463,0.027188
357.42,0.95643,0.026094
362.25,0.95814,0.025078
367.08,0.95975,0.024141
371.91,0.96128,0.023203
376.74,0.96273,0.022344
381.57,0.96411,0.021484
386.4,0.96542,0.020703
391.23,0.96667,0.02
396.06,0.96786,0.019297
400.89,0.969,0.018594
405.72,0.97009,0.017891
410.55,0.97113,0.017266
415.38,0.97213,0.016719
420.21,0.97309,0.016094
425.04,0.974,0.015547
429.87,0.97488,0.015078
434.7,0.97573,0.014531
439.53,0.97654,0.014063
444.36,0.97731,0.013594
449.19,0.97806,0.013125
454.02,0.97878,0.012734
458.85,0.97948,0.012266
463.68,0.98014,0.011875
468.51,0.98079,0.011484
473.34,0.98141,0.011172
478.17,0.982,0.010781
483.0,0.98258,0.010469
