IM,MEAN,STD
0.0,0.0,0.0
4.83,4.9234e-49,4.9234e-49
9.66,1.8463e-32,1.8463e-32
14.49,2.0678e-24,2.0678e-24
19.32,1.9562e-19,1.9562e-19
24.15,5.393e-16,6.1062e-17
28.98,1.8693e-13,2.2932e-14
33.81,1.6956e-11,2.0375e-12
38.64,6.0956e-10,7.4506e-11
43.47,1.121e-08,1.3411e-09
48.3,1.2463e-07,9.5367e-09
53.13,9.3941e-07,1.1444e-07
57.96,5.2083e-06,6.485e-07
62.79,2.2549e-05,2.7466e-06
67.62,7.9752e-05,9.7656e-06
72.45,0.00023854,2.9297e-05
77.28,0.00061997,7.3242e-05
82.11,0.0014307,0.00017578
86.94,0.0029829,0.00037109
91.77,0.0056997,0.00070313
96.6,0.010099,0.00125
101.43,0.016755,0.0020313
106.26,0.026247,0.0032031
111.09,0.039094,0.0047656
115.92,0.055696,0.0067969
120.75,0.076293,0.0092969
125.58,0.10093,0.012266
130.41,0.12946,0.015703
135.24,0.16155,0.019609
140.07,0.19674,0.023906
144.9,0.23442,0.028516
149.73,0.27396,0.033281
154.56,0.31469,0.038281
159.39,0.35596,0.043281
164.22,0.39719,0.048281
169.05,0.43784,0.053203
173.88,0.47747,0.058047
178.71,0.51573,0.062734
183.54,0.55234,0.067188
188.37,0.5871,0.071406
193.2,0.6199,0.075391
198.03,0.65065,0.079141
202.86,0.67933,0.082578
207.69,0.70596,0.085938
212.52,0.73059,0.089141
217.35,0.75328,0.092422
222.18,0.77411,0.095938
227.01,0.79319,0.099297
231.84,0.81062,0.10148
236.67,0.82652,0.10125
241.5,0.84098,0.095312
246.33,0.85411,0.087422
251.16,0.86604,0.080313
255.99,0.87685,0.073828
260.82,0.88665,0.067969
265.65,0.89552,0.062656
270.48,0.90356,0.057813
275.31,0.91084,0.053438
280.14,0.91743,0.049453
284.97,0.92341,0.045938
289.8,0.92883,0.042656
294.63,0.93376,0.039688
299.46,0.93824,0.037031
304.29,0.94231,0.034609
309.12,0.94602,0.032344
313.95,0.94941,0.030313
318.78,0.95251,0.028438
323.61,0.95535,0.026797
328.44,0.95796,0.025234
333.27,0.96035,0.02375
338.1,0.96256,0.022422
342.93,0.9646,0.02125
347.76,0.96649,0.020078
352.59,0.96823,0.019063
357.42,0.96986,0.018047
362.25,0.97137,0.017188
367.08,0.97278,0.016328
371.91,0.97409,0.015547
376.74,0.97533,0.014766
381.57,0.97648,0.014063
386.4,0.97757,0.013438
391.23,0.97859,0.012813
396.06,0.97955,0.012266
400.89,0.98046,0.011719
405.72,0.98131,0.011172
410.55,0.98212,0.010703
415.38,0.98289,0.010234
420.21,0.98362,0.0098438
425.04,0.98431,0.009375
429.87,0.98497,0.0089844
434.7,0.98559,0.0086719
439.53,0.98618,0.0082813
444.36,0.98675,0.0079688
449.19,0.98729,0.0076563
454.02,0.9878,0.0073438
458.85,0.98829,0.0070313
463.68,0.98876,0.0067188
468.51,0.98921,0.0064844
473.34,0.98963,0.00625
478.17,0.99004,0.0059375
483.0,0.99043,0.0057031
