IM,MEAN,STD
0.0,0.0,0.0
0.2,1.1361e-13,2.0658e-14
0.4,9.0485e-10,1.6764e-10
0.6,7.3666e-08,1.3709e-08
0.8,1.1791e-06,2.1935e-07
1.0,8.4631e-06,1.5259e-06
1.2,3.7901e-05,7.019e-06
1.4,0.00012436,2.3193e-05
1.6,0.00032706,5.8594e-05
1.8,0.00072913,0.00013672
2.0,0.0014307,0.00025391
2.2,0.0025375,0.00046875
2.4,0.0041487,0.00074219
2.6,0.0063464,0.0011719
2.8,0.0091879,0.0016406
3.0,0.012703,0.0023438
3.2,0.016892,0.0030469
3.4,0.021733,0.0039844
3.6,0.027179,0.0049219
3.8,0.03317,0.0060156
4.0,0.039633,0.0072656
4.2,0.04649,0.0085156
4.4,0.05366,0.0097656
4.6,0.061064,0.011172
4.8,0.068626,0.0125
5.0,0.076276,0.013906
5.2,0.08395,0.015313
5.4,0.091593,0.016719
5.6,0.099156,0.018047
5.8,0.1066,0.019453
6.0,0.11389,0.020781
6.2,0.121,0.022031
6.4,0.12791,0.023359
6.6,0.13461,0.024531
6.8,0.14108,0.025703
7.0,0.14732,0.026875
7.2,0.15333,0.027969
7.4,0.1591,0.028984
7.6,0.16465,0.03
7.8,0.16997,0.031016
8.0,0.17507,0.031953
8.2,0.17996,0.032813
8.4,0.18464,0.033672
8.6,0.18913,0.034531
8.8,0.19343,0.035313
9.0,0.19755,0.036016
9.2,0.20149,0.036719
9.4,0.20528,0.037422
9.6,0.2089,0.038125
9.8,0.21238,0.03875
10.0,0.21571,0.039375
10.2,0.21891,0.039922
10.4,0.22198,0.040469
10.6,0.22492,0.041016
10.8,0.22774,0.041563
11.0,0.23045,0.042031
11.2,0.23305,0.0425
11.4,0.23555,0.042969
11.6,0.23795,0.043359
11.8,0.24025,0.043828
12.0,0.24246,0.044219
12.2,0.24458,0.044609
12.4,0.24662,0.045
12.6,0.24857,0.045313
12.8,0.25045,0.045703
13.0,0.25226,0.046016
13.2,0.25399,0.046328
13.4,0.25566,0.046641
13.6,0.25726,0.046953
13.8,0.2588,0.047188
14.0,0.26028,0.0475
14.2,0.2617,0.047734
14.4,0.26307,0.047969
14.6,0.26438,0.048203
14.8,0.26564,0.048438
15.0,0.26686,0.048672
15.2,0.26802,0.048906
15.4,0.26915,0.049063
15.6,0.27023,0.049297
15.8,0.27126,0.049453
16.0,0.27226,0.049688
16.2,0.27322,0.049844
16.4,0.27415,0.05
16.6,0.27504,0.050156
16.8,0.27589,0.050313
17.0,0.27672,0.050469
17.2,0.27751,0.050625
17.4,0.27827,0.050781
17.6,0.27901,0.050859
17.8,0.27972,0.051016
18.0,0.2804,0.051172
18.2,0.28106,0.05125
18.4,0.28169,0.051406
18.6,0.2823,0.051484
18.8,0.28289,0.051563
19.0,0.28345,0.051719
19.2,0.284,0.051797
19.4,0.28452,0.051875
19.6,0.28503,0.051953
19.8,0.28552,0.052109
20.0,0.28599,0.052188
