IM,MEAN,STD
0.0,0.0,0.0
0.2,1.3735e-07,2.3842e-08
0.4,9.5682e-05,1.77e-05
0.6,0.0018138,0.0003125
0.8,0.009807,0.0017969
1.0,0.029243,0.0053125
1.2,0.06263,0.011406
1.4,0.10932,0.019922
1.6,0.16652,0.030391
1.8,0.23053,0.042031
2.0,0.29775,0.054297
2.2,0.36515,0.066563
2.4,0.43047,0.078516
2.6,0.49215,0.089766
2.8,0.54928,0.10016
3.0,0.60141,0.10977
3.2,0.64841,0.11875
3.4,0.69043,0.12805
3.6,0.72773,0.13688
3.8,0.76066,0.13977
4.0,0.78963,0.12609
4.2,0.81503,0.11086
4.4,0.83726,0.097578
4.6,0.85669,0.085859
4.8,0.87365,0.075703
5.0,0.88846,0.066875
5.2,0.90138,0.059141
5.4,0.91267,0.052344
5.6,0.92253,0.046406
5.8,0.93115,0.04125
6.0,0.93871,0.036719
6.2,0.94533,0.032734
6.4,0.95114,0.029297
6.6,0.95625,0.02625
6.8,0.96075,0.023516
7.0,0.96472,0.021172
7.2,0.96822,0.019063
7.4,0.97133,0.017188
7.6,0.97408,0.015547
7.8,0.97653,0.014063
8.0,0.97871,0.012734
8.2,0.98065,0.011563
8.4,0.98239,0.010547
8.6,0.98394,0.0096094
8.8,0.98534,0.0088281
9.0,0.98659,0.0080469
9.2,0.98772,0.0073438
9.4,0.98873,0.0067188
9.6,0.98965,0.0061719
9.8,0.99048,0.0057031
10.0,0.99124,0.0052344
10.2,0.99192,0.0048438
10.4,0.99254,0.0044531
10.6,0.99311,0.0041406
10.8,0.99363,0.0038281
11.0,0.9941,0.0035156
11.2,0.99453,0.0032813
11.4,0.99493,0.0030469
11.6,0.99529,0.0028125
11.8,0.99562,0.0026563
12.0,0.99593,0.0024219
12.2,0.99621,0.0022656
12.4,0.99647,0.0021094
12.6,0.99671,0.0019531
12.8,0.99693,0.001875
13.0,0.99714,0.0017188
13.2,0.99733,0.0015625
13.4,0.9975,0.0014844
13.6,0.99767,0.0014063
13.8,0.99782,0.0013281
14.0,0.99796,0.00125
14.2,0.99809,0.0011719
14.4,0.99821,0.0010938
14.6,0.99832,0.0010156
14.8,0.99843,0.0009375
15.0,0.99852,0.00085938
15.2,0.99861,0.00085938
15.4,0.9987,0.00078125
15.6,0.99878,0.00074219
15.8,0.99885,0.00070313
16.0,0.99892,0.00066406
16.2,0.99899,0.000625
16.4,0.99905,0.00058594
16.6,0.9991,0.00054688
16.8,0.99916,0.00050781
17.0,0.99921,0.00046875
17.2,0.99925,0.00042969
17.4,0.9993,0.00042969
17.6,0.99934,0.00039063
17.8,0.99937,0.00039063
18.0,0.99941,0.00035156
18.2,0.99944,0.00035156
18.4,0.99948,0.0003125
18.6,0.99951,0.0003125
18.8,0.99953,0.00027344
19.0,0.99956,0.00027344
19.2,0.99958,0.00025391
19.4,0.99961,0.00023438
19.6,0.99963,0.00021484
19.8,0.99965,0.00020508
20.0,0.99967,0.00019531
