IM,MEAN,STD
0.0,0.0,0.0
0.2,2.4825e-15,4.6074e-16
0.4,4.6319e-11,8.7313e-12
0.6,6.2032e-09,1.1176e-09
0.8,1.3702e-07,2.3842e-08
1.0,1.2229e-06,2.1935e-07
1.2,6.4042e-06,1.1444e-06
1.4,2.3739e-05,4.2725e-06
1.6,6.925e-05,1.2817e-05
1.8,0.00016961,3.0518e-05
2.0,0.00036384,6.8359e-05
2.2,0.00070351,0.00012695
2.4,0.0012516,0.00022461
2.6,0.00208,0.00037109
2.8,0.0032659,0.00058594
3.0,0.0048885,0.00085938
3.2,0.0070244,0.00125
3.4,0.0097447,0.0017969
3.6,0.013112,0.0024219
3.8,0.017178,0.003125
4.0,0.021982,0.0039844
4.2,0.027551,0.005
4.4,0.0339,0.0061719
4.6,0.041029,0.0075
4.8,0.048929,0.0089063
5.0,0.05758,0.010469
5.2,0.066953,0.012188
5.4,0.077014,0.014063
5.6,0.087719,0.016016
5.8,0.099022,0.018047
6.0,0.11088,0.020234
6.2,0.12323,0.0225
6.4,0.13602,0.024844
6.6,0.14921,0.027188
6.8,0.16275,0.029688
7.0,0.17657,0.032188
7.2,0.19065,0.034766
7.4,0.20492,0.037344
7.6,0.21934,0.04
7.8,0.23388,0.042656
8.0,0.2485,0.045313
8.2,0.26316,0.047969
8.4,0.27784,0.050703
8.6,0.29249,0.053359
8.8,0.30711,0.056016
9.0,0.32165,0.058672
9.2,0.3361,0.061328
9.4,0.35045,0.063906
9.6,0.36467,0.066484
9.8,0.37874,0.069063
10.0,0.39266,0.071641
10.2,0.40642,0.074141
10.4,0.41999,0.076563
10.6,0.43338,0.079063
10.8,0.44658,0.081484
11.0,0.45957,0.083828
11.2,0.47235,0.086172
11.4,0.48492,0.088438
11.6,0.49727,0.090703
11.8,0.5094,0.092891
12.0,0.52131,0.095078
12.2,0.53299,0.097188
12.4,0.54445,0.099297
12.6,0.55567,0.10133
12.8,0.56667,0.10336
13.0,0.57744,0.10531
13.2,0.58798,0.10727
13.4,0.59829,0.10914
13.6,0.60838,0.11102
13.8,0.61824,0.11289
14.0,0.62788,0.11469
14.2,0.6373,0.11648
14.4,0.6465,0.11836
14.6,0.65548,0.12016
14.8,0.66425,0.12203
15.0,0.67281,0.12391
15.2,0.68116,0.12578
15.4,0.68931,0.12773
15.6,0.69726,0.12969
15.8,0.70501,0.13164
16.0,0.71257,0.13344
16.2,0.71993,0.13523
16.4,0.72711,0.1368
16.6,0.73411,0.13813
16.8,0.74092,0.13914
17.0,0.74756,0.13977
17.2,0.75403,0.14
17.4,0.76033,0.13977
17.6,0.76647,0.13891
17.8,0.77244,0.13641
18.0,0.77826,0.13289
18.2,0.78392,0.12953
18.4,0.78944,0.12617
18.6,0.7948,0.12297
18.8,0.80003,0.11984
19.0,0.80511,0.1168
19.2,0.81006,0.11383
19.4,0.81488,0.11094
19.6,0.81957,0.10813
19.8,0.82413,0.10539
20.0,0.82857,0.10273
