IM,MEAN,STD
0.0,0.0,0.0
0.2,3.787e-13,6.8406e-14
0.4,3.0162e-09,5.5879e-10
0.6,2.4555e-07,4.53e-08
0.8,3.9304e-06,7.2479e-07
1.0,2.821e-05,5.188e-06
1.2,0.00012634,2.1973e-05
1.4,0.00041453,7.3242e-05
1.6,0.0010902,0.00023438
1.8,0.0024304,0.00044922
2.0,0.0047688,0.00085938
2.2,0.0084582,0.0015625
2.4,0.013829,0.0025
2.6,0.021155,0.0038281
2.8,0.030626,0.0055469
3.0,0.042342,0.0077344
3.2,0.056307,0.010234
3.4,0.072442,0.013203
3.6,0.090596,0.016563
3.8,0.11057,0.020156
4.0,0.13211,0.024063
4.2,0.15497,0.028281
4.4,0.17887,0.032656
4.6,0.20355,0.037109
4.8,0.22875,0.041719
5.0,0.25425,0.046406
5.2,0.27983,0.051016
5.4,0.30531,0.055703
5.6,0.33052,0.060313
5.8,0.35533,0.064844
6.0,0.37963,0.069219
6.2,0.40334,0.073594
6.4,0.42637,0.077734
6.6,0.44869,0.081797
6.8,0.47026,0.085781
7.0,0.49106,0.089531
7.2,0.51109,0.093203
7.4,0.53034,0.096719
7.6,0.54882,0.10008
7.8,0.56656,0.10336
8.0,0.58356,0.10648
8.2,0.59986,0.10945
8.4,0.61547,0.11234
8.6,0.63043,0.11516
8.8,0.64476,0.11797
9.0,0.65849,0.12078
9.2,0.67165,0.12367
9.4,0.68426,0.12656
9.6,0.69634,0.12945
9.8,0.70793,0.13234
10.0,0.71904,0.135
10.2,0.7297,0.13727
10.4,0.73992,0.13898
10.6,0.74973,0.13992
10.8,0.75914,0.13984
11.0,0.76817,0.13859
11.2,0.77684,0.13375
11.4,0.78517,0.12875
11.6,0.79316,0.12398
11.8,0.80083,0.11938
12.0,0.80819,0.115
12.2,0.81526,0.1107
12.4,0.82206,0.10664
12.6,0.82858,0.10273
12.8,0.83485,0.098984
13.0,0.84087,0.095391
13.2,0.84665,0.091953
13.4,0.85221,0.088594
13.6,0.85754,0.085391
13.8,0.86267,0.082344
14.0,0.8676,0.079375
14.2,0.87234,0.076484
14.4,0.87689,0.07375
14.6,0.88127,0.071172
14.8,0.88548,0.068672
15.0,0.88952,0.06625
15.2,0.89341,0.063906
15.4,0.89715,0.061641
15.6,0.90075,0.059453
15.8,0.90421,0.057422
16.0,0.90754,0.055391
16.2,0.91074,0.053516
16.4,0.91382,0.051641
16.6,0.91679,0.049844
16.8,0.91964,0.048125
17.0,0.92239,0.046484
17.2,0.92503,0.044922
17.4,0.92758,0.043438
17.6,0.93003,0.041953
17.8,0.93239,0.040547
18.0,0.93466,0.039141
18.2,0.93685,0.037813
18.4,0.93896,0.036563
18.6,0.941,0.035391
18.8,0.94295,0.034219
19.0,0.94484,0.033047
19.2,0.94666,0.031953
19.4,0.94841,0.030938
19.6,0.9501,0.029922
19.8,0.95173,0.028906
20.0,0.9533,0.027969
