IM,MEAN,STD
0.0,0.0,0.0
0.2,2.0606e-06,3.8147e-07
0.4,0.00064347,0.00011719
0.6,0.0080213,0.0014844
0.8,0.033432,0.0060938
1.0,0.082829,0.015078
1.2,0.15347,0.027969
1.4,0.23781,0.043359
1.6,0.32769,0.059766
1.8,0.41655,0.075938
2.0,0.5,0.091172
2.2,0.57559,0.105
2.4,0.64231,0.1175
2.6,0.70011,0.13039
2.8,0.74951,0.13992
3.0,0.7913,0.12508
3.2,0.82639,0.10406
3.4,0.85571,0.086484
3.6,0.88012,0.071875
3.8,0.90038,0.059688
4.0,0.91717,0.049609
4.2,0.93108,0.041328
4.4,0.94259,0.034375
4.6,0.95213,0.028672
4.8,0.96002,0.023984
5.0,0.96657,0.02
5.2,0.972,0.016797
5.4,0.97651,0.014063
5.6,0.98026,0.011797
5.8,0.98339,0.0099219
6.0,0.986,0.0083594
6.2,0.98818,0.0071094
6.4,0.99,0.0060156
6.6,0.99153,0.0050781
6.8,0.99281,0.0042969
7.0,0.99389,0.0036719
7.2,0.99479,0.003125
7.4,0.99556,0.0026563
7.6,0.99621,0.0022656
7.8,0.99676,0.0019531
8.0,0.99722,0.0016406
8.2,0.99761,0.0014063
8.4,0.99795,0.00125
8.6,0.99823,0.0010938
8.8,0.99848,0.0009375
9.0,0.99869,0.00078125
9.2,0.99886,0.00066406
9.4,0.99902,0.000625
9.6,0.99915,0.00054688
9.8,0.99926,0.00042969
10.0,0.99936,0.00039063
10.2,0.99944,0.00035156
10.4,0.99951,0.00027344
10.6,0.99957,0.00027344
10.8,0.99963,0.00021484
11.0,0.99967,0.00019531
11.2,0.99972,0.00016602
11.4,0.99975,0.00014648
11.6,0.99978,0.00012695
11.8,0.99981,0.00011719
12.0,0.99983,9.7656e-05
12.2,0.99985,8.7891e-05
12.4,0.99987,7.8125e-05
12.6,0.99988,7.8125e-05
12.8,0.9999,6.3477e-05
13.0,0.99991,5.8594e-05
13.2,0.99992,4.8828e-05
13.4,0.99993,4.1504e-05
13.6,0.99994,3.6621e-05
13.8,0.99994,3.418e-05
14.0,0.99995,2.9297e-05
14.2,0.99996,2.6855e-05
14.4,0.99996,2.3193e-05
14.6,0.99996,2.1973e-05
14.8,0.99997,1.8311e-05
15.0,0.99997,1.709e-05
15.2,0.99998,1.4648e-05
15.4,0.99998,1.3428e-05
15.6,0.99998,1.2207e-05
15.8,0.99998,1.0986e-05
16.0,0.99998,9.7656e-06
16.2,0.99999,8.5449e-06
16.4,0.99999,7.9346e-06
16.6,0.99999,6.7139e-06
16.8,0.99999,6.1035e-06
17.0,0.99999,5.4932e-06
17.2,0.99999,4.8828e-06
17.4,0.99999,4.5776e-06
17.6,0.99999,3.9673e-06
17.8,0.99999,3.6621e-06
18.0,0.99999,3.3569e-06
18.2,0.99999,3.0518e-06
18.4,1.0,2.7466e-06
18.6,1.0,2.4414e-06
18.8,1.0,2.2888e-06
19.0,1.0,1.9836e-06
19.2,1.0,1.8311e-06
19.4,1.0,1.6785e-06
19.6,1.0,1.5259e-06
19.8,1.0,1.3733e-06
20.0,1.0,1.2207e-06
