IM,MEAN,STD
0.0,0.0,0.0
0.2,5.0369e-12,9.4607e-13
0.4,1.386e-07,2.6226e-08
0.6,1.2502e-05,2.1362e-06
0.8,0.00016251,2.9297e-05
1.0,0.00085876,0.00015625
1.2,0.0027981,0.00054688
1.4,0.006821,0.00125
1.6,0.013717,0.0025
1.8,0.024053,0.004375
2.0,0.038105,0.0069531
2.2,0.055854,0.010156
2.4,0.077049,0.014063
2.6,0.10127,0.018438
2.8,0.12802,0.023359
3.0,0.15674,0.028594
3.2,0.1869,0.034063
3.4,0.21801,0.039766
3.6,0.24962,0.045547
3.8,0.28136,0.051328
4.0,0.31293,0.057109
4.2,0.34406,0.062734
4.4,0.37457,0.068281
4.6,0.4043,0.07375
4.8,0.43316,0.078984
5.0,0.46106,0.084063
5.2,0.48796,0.088984
5.4,0.51384,0.09375
5.6,0.53868,0.098281
5.8,0.56248,0.10258
6.0,0.58525,0.10672
6.2,0.60701,0.11078
6.4,0.62779,0.11469
6.6,0.6476,0.11852
6.8,0.66648,0.1225
7.0,0.68445,0.12656
7.2,0.70154,0.13078
7.4,0.71779,0.13469
7.6,0.73321,0.13797
7.8,0.74786,0.13984
8.0,0.76175,0.13961
8.2,0.77491,0.13492
8.4,0.78738,0.12742
8.6,0.79918,0.12039
8.8,0.81034,0.11367
9.0,0.82089,0.10734
9.2,0.83086,0.10141
9.4,0.84028,0.095703
9.6,0.84916,0.090391
9.8,0.85755,0.085391
10.0,0.86545,0.080625
10.2,0.8729,0.076172
10.4,0.87992,0.071953
10.6,0.88652,0.068047
10.8,0.89275,0.064297
11.0,0.8986,0.060781
11.2,0.90411,0.0575
11.4,0.90929,0.054375
11.6,0.91416,0.051484
11.8,0.91875,0.048672
12.0,0.92305,0.046094
12.2,0.9271,0.043672
12.4,0.93091,0.041406
12.6,0.93449,0.039297
12.8,0.93785,0.037266
13.0,0.94101,0.035391
13.2,0.94398,0.033594
13.4,0.94677,0.031875
13.6,0.9494,0.030313
13.8,0.95187,0.028828
14.0,0.95419,0.027422
14.2,0.95638,0.026172
14.4,0.95844,0.024922
14.6,0.96037,0.02375
14.8,0.96219,0.022656
15.0,0.96391,0.021641
15.2,0.96553,0.020625
15.4,0.96705,0.019766
15.6,0.96849,0.018906
15.8,0.96984,0.018047
16.0,0.97112,0.017344
16.2,0.97233,0.016563
16.4,0.97347,0.015938
16.6,0.97455,0.015234
16.8,0.97557,0.014609
17.0,0.97653,0.014063
17.2,0.97744,0.013516
17.4,0.97831,0.012969
17.6,0.97913,0.0125
17.8,0.97991,0.012031
18.0,0.98064,0.011641
18.2,0.98134,0.011172
18.4,0.98201,0.010781
18.6,0.98264,0.010391
18.8,0.98324,0.010078
19.0,0.98381,0.0096875
19.2,0.98436,0.009375
19.4,0.98488,0.0090625
19.6,0.98538,0.00875
19.8,0.98585,0.0085156
20.0,0.9863,0.0082031
