IM,MEAN,STD
0.0,0.0,0.0
0.2,2.5184e-12,4.7313e-13
0.4,6.9299e-08,1.3113e-08
0.6,6.2509e-06,1.0681e-06
0.8,8.1253e-05,1.4648e-05
1.0,0.00042938,7.8125e-05
1.2,0.001399,0.00027344
1.4,0.0034105,0.000625
1.6,0.0068583,0.00125
1.8,0.012027,0.0021875
2.0,0.019052,0.0034375
2.2,0.027927,0.0050781
2.4,0.038524,0.0070313
2.6,0.050637,0.0092188
2.8,0.064009,0.011641
3.0,0.07837,0.014297
3.2,0.093451,0.017031
3.4,0.109,0.019844
3.6,0.12481,0.022734
3.8,0.14068,0.025625
4.0,0.15646,0.028516
4.2,0.17203,0.031406
4.4,0.18728,0.034141
4.6,0.20215,0.036875
4.8,0.21658,0.039531
5.0,0.23053,0.042031
5.2,0.24398,0.044531
5.4,0.25692,0.046875
5.6,0.26934,0.049141
5.8,0.28124,0.051328
6.0,0.29263,0.053359
6.2,0.30351,0.055391
6.4,0.31389,0.057266
6.6,0.3238,0.059063
6.8,0.33324,0.060781
7.0,0.34222,0.062422
7.2,0.35077,0.063984
7.4,0.35889,0.065469
7.6,0.36661,0.066875
7.8,0.37393,0.068203
8.0,0.38087,0.069453
8.2,0.38746,0.070703
8.4,0.39369,0.071797
8.6,0.39959,0.072891
8.8,0.40517,0.073906
9.0,0.41045,0.074844
9.2,0.41543,0.075781
9.4,0.42014,0.076641
9.6,0.42458,0.077422
9.8,0.42877,0.078203
10.0,0.43272,0.078906
10.2,0.43645,0.079609
10.4,0.43996,0.080234
10.6,0.44326,0.080859
10.8,0.44637,0.081406
11.0,0.4493,0.081953
11.2,0.45205,0.082422
11.4,0.45465,0.082891
11.6,0.45708,0.083359
11.8,0.45937,0.08375
12.0,0.46153,0.084141
12.2,0.46355,0.084531
12.4,0.46545,0.084922
12.6,0.46724,0.085234
12.8,0.46892,0.085547
13.0,0.47051,0.085781
13.2,0.47199,0.086094
13.4,0.47339,0.086328
13.6,0.4747,0.086563
13.8,0.47594,0.086797
14.0,0.4771,0.087031
14.2,0.47819,0.087188
14.4,0.47922,0.087422
14.6,0.48019,0.087578
14.8,0.4811,0.087734
15.0,0.48195,0.087891
15.2,0.48276,0.088047
15.4,0.48352,0.088203
15.6,0.48424,0.088281
15.8,0.48492,0.088438
16.0,0.48556,0.088594
16.2,0.48616,0.088672
16.4,0.48673,0.08875
16.6,0.48727,0.088906
16.8,0.48778,0.088984
17.0,0.48827,0.089063
17.2,0.48872,0.089141
17.4,0.48915,0.089219
17.6,0.48956,0.089297
17.8,0.48995,0.089375
18.0,0.49032,0.089453
18.2,0.49067,0.089453
18.4,0.491,0.089531
18.6,0.49132,0.089609
18.8,0.49162,0.089688
19.0,0.49191,0.089688
19.2,0.49218,0.089766
19.4,0.49244,0.089844
19.6,0.49269,0.089844
19.8,0.49292,0.089922
20.0,0.49315,0.089922
