IM,MEAN,STD
0.0,0.0,0.0
0.2,2.1223e-08,3.5763e-09
0.4,6.8658e-06,1.2207e-06
0.6,8.9203e-05,1.6479e-05
0.8,0.00039452,7.0801e-05
1.0,0.0010855,0.00019531
1.2,0.0024082,0.00042969
1.4,0.0048477,0.00089844
1.6,0.0091844,0.0016406
1.8,0.016387,0.0029688
2.0,0.027405,0.005
2.2,0.042974,0.0078125
2.4,0.06348,0.011563
2.6,0.088925,0.01625
2.8,0.11896,0.021719
3.0,0.15297,0.027891
3.2,0.19015,0.034688
3.4,0.22965,0.041875
3.6,0.27057,0.049375
3.8,0.31212,0.056953
4.0,0.35355,0.064453
4.2,0.39425,0.071875
4.4,0.43374,0.079141
4.6,0.47162,0.086016
4.8,0.50762,0.092578
5.0,0.54157,0.09875
5.2,0.57337,0.10461
5.4,0.60299,0.11
5.6,0.63043,0.11516
5.8,0.65575,0.12023
6.0,0.67905,0.12531
6.2,0.70042,0.13047
6.4,0.71998,0.13523
6.6,0.73786,0.13875
6.8,0.75418,0.14
7.0,0.76906,0.13836
7.2,0.78263,0.13031
7.4,0.79501,0.12289
7.6,0.80631,0.11609
7.8,0.81661,0.10992
8.0,0.82604,0.1043
8.2,0.83465,0.099141
8.4,0.84255,0.094375
8.6,0.8498,0.09
8.8,0.85647,0.086016
9.0,0.86261,0.082344
9.2,0.86828,0.078984
9.4,0.87353,0.075781
9.6,0.8784,0.072891
9.8,0.88293,0.070156
10.0,0.88716,0.067656
10.2,0.8911,0.065234
10.4,0.8948,0.063047
10.6,0.89827,0.060938
10.8,0.90154,0.058984
11.0,0.90463,0.057188
11.2,0.90755,0.055391
11.4,0.91032,0.05375
11.6,0.91295,0.052188
11.8,0.91545,0.050703
12.0,0.91784,0.049219
12.2,0.92012,0.047891
12.4,0.9223,0.046563
12.6,0.9244,0.045313
12.8,0.92641,0.044141
13.0,0.92834,0.042969
13.2,0.9302,0.041875
13.4,0.93199,0.040781
13.6,0.93372,0.039688
13.8,0.9354,0.03875
14.0,0.93701,0.037734
14.2,0.93858,0.036797
14.4,0.94009,0.035938
14.6,0.94156,0.035
14.8,0.94299,0.034141
15.0,0.94437,0.033359
15.2,0.94571,0.032578
15.4,0.94701,0.031797
15.6,0.94828,0.031016
15.8,0.94951,0.030234
16.0,0.95071,0.029531
16.2,0.95188,0.028828
16.4,0.95301,0.028203
16.6,0.95412,0.0275
16.8,0.95519,0.026875
17.0,0.95624,0.02625
17.2,0.95726,0.025625
17.4,0.95825,0.025
17.6,0.95922,0.024453
17.8,0.96017,0.023906
18.0,0.96109,0.023359
18.2,0.96199,0.022813
18.4,0.96287,0.022266
18.6,0.96372,0.021719
18.8,0.96455,0.02125
19.0,0.96537,0.020781
19.2,0.96616,0.020313
19.4,0.96693,0.019844
19.6,0.96769,0.019375
19.8,0.96842,0.018906
20.0,0.96914,0.018516
